hairtreat.com.bd/treatments,https://hairtreat.com.bd/hair-treatments/,301,TRUE,FALSE,FALSE,FALSE
hairtreat.com.bd/treatments/,https://hairtreat.com.bd/hair-treatments/,301,TRUE,FALSE,FALSE,FALSE
hairtreat.com.bd/treatments/index.html,https://hairtreat.com.bd/hair-treatments/,301,TRUE,FALSE,FALSE,FALSE
hairtreat.com.bd/treatments.html,https://hairtreat.com.bd/hair-treatments/,301,TRUE,FALSE,FALSE,FALSE
hairtreat.com.bd/transplant,https://hairtreat.com.bd/other-treatments/,301,TRUE,FALSE,FALSE,FALSE
hairtreat.com.bd/transplant/,https://hairtreat.com.bd/other-treatments/,301,TRUE,FALSE,FALSE,FALSE
hairtreat.com.bd/transplant/index.html,https://hairtreat.com.bd/other-treatments/,301,TRUE,FALSE,FALSE,FALSE
hairtreat.com.bd/transplant.html,https://hairtreat.com.bd/other-treatments/,301,TRUE,FALSE,FALSE,FALSE
hairtreat.com.bd/treatments/hair-prp,https://hairtreat.com.bd/hair-treatments/hair-transplant/hair-prp/,301,TRUE,FALSE,FALSE,FALSE
hairtreat.com.bd/treatments/gfc-prp,https://hairtreat.com.bd/hair-treatments/hair-transplant/gfc-prp/,301,TRUE,FALSE,FALSE,FALSE
hairtreat.com.bd/treatments/hair-line-correction,https://hairtreat.com.bd/hair-treatments/hair-transplant/hair-line-correction/,301,TRUE,FALSE,FALSE,FALSE
hairtreat.com.bd/treatments/hair-transplant,https://hairtreat.com.bd/hair-treatments/hair-transplant/,301,TRUE,FALSE,FALSE,FALSE
hairtreat.com.bd/treatments/fue,https://hairtreat.com.bd/hair-treatments/method/fue/,301,TRUE,FALSE,FALSE,FALSE
hairtreat.com.bd/treatments/eyebrow-transplant,https://hairtreat.com.bd/hair-treatments/hair-transplant/eyebrow-transplant/,301,TRUE,FALSE,FALSE,FALSE
hairtreat.com.bd/treatments/beard-transplant,https://hairtreat.com.bd/hair-treatments/hair-transplant/beard-transplant/,301,TRUE,FALSE,FALSE,FALSE
hairtreat.com.bd/treatments/laser-hair-removal,https://hairtreat.com.bd/other-treatments/laser-hair-removal/,301,TRUE,FALSE,TRUE,FALSE
hairtreat.com.bd/treatments/p-shot,https://hairtreat.com.bd/other-treatments/p-shot/,301,TRUE,FALSE,TRUE,FALSE
hairtreat.com.bd/transplant/hair-transplant,https://hairtreat.com.bd/hair-treatments/hair-transplant/,301,TRUE,FALSE,FALSE,FALSE
hairtreat.com.bd/transplant/hair-prp,https://hairtreat.com.bd/hair-treatments/hair-transplant/hair-prp/,301,TRUE,FALSE,FALSE,FALSE
hairtreat.com.bd/transplant/gfc-prp,https://hairtreat.com.bd/hair-treatments/hair-transplant/gfc-prp/,301,TRUE,FALSE,FALSE,FALSE
hairtreat.com.bd/transplant/hair-line-correction,https://hairtreat.com.bd/hair-treatments/hair-transplant/hair-line-correction/,301,TRUE,FALSE,FALSE,FALSE
hairtreat.com.bd/transplant/fue,https://hairtreat.com.bd/hair-treatments/method/fue/,301,TRUE,FALSE,FALSE,FALSE
hairtreat.com.bd/transplant/eyebrow-transplant,https://hairtreat.com.bd/hair-treatments/hair-transplant/eyebrow-transplant/,301,TRUE,FALSE,FALSE,FALSE
hairtreat.com.bd/transplant/female-hair-transplant,https://hairtreat.com.bd/hair-treatments/hair-transplant/female-hair-transplant/,301,TRUE,FALSE,FALSE,FALSE
hairtreat.com.bd/transplant/beard-transplant,https://hairtreat.com.bd/hair-treatments/hair-transplant/beard-transplant/,301,TRUE,FALSE,FALSE,FALSE
hairtreat.com.bd/transplant/fut-hair-transplant,https://hairtreat.com.bd/hair-treatments/hair-transplant/fut-hair-transplant/,301,TRUE,FALSE,FALSE,FALSE
hairtreat.com.bd/transplant/sapphire-hair-transplant,https://hairtreat.com.bd/hair-treatments/method/sapphire/,301,TRUE,FALSE,FALSE,FALSE
hairtreat.com.bd/hair-prp,https://hairtreat.com.bd/hair-treatments/hair-transplant/hair-prp/,301,TRUE,FALSE,FALSE,FALSE
hairtreat.com.bd/hair-prp.html,https://hairtreat.com.bd/hair-treatments/hair-transplant/hair-prp/,301,TRUE,FALSE,FALSE,FALSE
hairtreat.com.bd/gfc-prp,https://hairtreat.com.bd/hair-treatments/hair-transplant/gfc-prp/,301,TRUE,FALSE,FALSE,FALSE
hairtreat.com.bd/gfc-prp.html,https://hairtreat.com.bd/hair-treatments/hair-transplant/gfc-prp/,301,TRUE,FALSE,FALSE,FALSE
hairtreat.com.bd/hair-line-correction,https://hairtreat.com.bd/hair-treatments/hair-transplant/hair-line-correction/,301,TRUE,FALSE,FALSE,FALSE
hairtreat.com.bd/hair-line-correction.html,https://hairtreat.com.bd/hair-treatments/hair-transplant/hair-line-correction/,301,TRUE,FALSE,FALSE,FALSE
hairtreat.com.bd/hair-transplant,https://hairtreat.com.bd/hair-treatments/hair-transplant/,301,TRUE,FALSE,FALSE,FALSE
hairtreat.com.bd/hair-transplant.html,https://hairtreat.com.bd/hair-treatments/hair-transplant/,301,TRUE,FALSE,FALSE,FALSE
hairtreat.com.bd/fue,https://hairtreat.com.bd/hair-treatments/method/fue/,301,TRUE,FALSE,FALSE,FALSE
hairtreat.com.bd/fue.html,https://hairtreat.com.bd/hair-treatments/method/fue/,301,TRUE,FALSE,FALSE,FALSE
hairtreat.com.bd/eyebrow-transplant,https://hairtreat.com.bd/hair-treatments/hair-transplant/eyebrow-transplant/,301,TRUE,FALSE,FALSE,FALSE
hairtreat.com.bd/eyebrow-transplant.html,https://hairtreat.com.bd/hair-treatments/hair-transplant/eyebrow-transplant/,301,TRUE,FALSE,FALSE,FALSE
hairtreat.com.bd/female-hair-transplant,https://hairtreat.com.bd/hair-treatments/hair-transplant/female-hair-transplant/,301,TRUE,FALSE,FALSE,FALSE
hairtreat.com.bd/female-hair-transplant.html,https://hairtreat.com.bd/hair-treatments/hair-transplant/female-hair-transplant/,301,TRUE,FALSE,FALSE,FALSE
hairtreat.com.bd/beard-transplant,https://hairtreat.com.bd/hair-treatments/hair-transplant/beard-transplant/,301,TRUE,FALSE,FALSE,FALSE
hairtreat.com.bd/beard-transplant.html,https://hairtreat.com.bd/hair-treatments/hair-transplant/beard-transplant/,301,TRUE,FALSE,FALSE,FALSE
hairtreat.com.bd/fut-hair-transplant,https://hairtreat.com.bd/hair-treatments/hair-transplant/fut-hair-transplant/,301,TRUE,FALSE,FALSE,FALSE
hairtreat.com.bd/fut-hair-transplant.html,https://hairtreat.com.bd/hair-treatments/hair-transplant/fut-hair-transplant/,301,TRUE,FALSE,FALSE,FALSE
hairtreat.com.bd/sapphire-hair-transplant,https://hairtreat.com.bd/hair-treatments/method/sapphire/,301,TRUE,FALSE,FALSE,FALSE
hairtreat.com.bd/sapphire-hair-transplant.html,https://hairtreat.com.bd/hair-treatments/method/sapphire/,301,TRUE,FALSE,FALSE,FALSE
hairtreat.com.bd/laser-hair-removal,https://hairtreat.com.bd/other-treatments/laser-hair-removal/,301,TRUE,FALSE,TRUE,FALSE
hairtreat.com.bd/laser-hair-removal.html,https://hairtreat.com.bd/other-treatments/laser-hair-removal/,301,TRUE,FALSE,FALSE,FALSE
hairtreat.com.bd/laser-hair-remover,https://hairtreat.com.bd/other-treatments/laser-hair-removal/,301,TRUE,FALSE,TRUE,FALSE
hairtreat.com.bd/laser-hair-remover.html,https://hairtreat.com.bd/other-treatments/laser-hair-removal/,301,TRUE,FALSE,FALSE,FALSE
hairtreat.com.bd/p-shot,https://hairtreat.com.bd/other-treatments/p-shot/,301,TRUE,FALSE,TRUE,FALSE
hairtreat.com.bd/p-shot.html,https://hairtreat.com.bd/other-treatments/p-shot/,301,TRUE,FALSE,FALSE,FALSE
hairtreat.com.bd/hours-and-location,https://hairtreat.com.bd/about/hours-and-location/,301,TRUE,FALSE,FALSE,FALSE
hairtreat.com.bd/hours-and-location/,https://hairtreat.com.bd/about/hours-and-location/,301,TRUE,FALSE,FALSE,FALSE
hairtreat.com.bd/hours-and-location.html,https://hairtreat.com.bd/about/hours-and-location/,301,TRUE,FALSE,FALSE,FALSE
hairtreat.com.bd/contact-us,https://hairtreat.com.bd/about/contact-us/,301,TRUE,FALSE,FALSE,FALSE
hairtreat.com.bd/contact-us/,https://hairtreat.com.bd/about/contact-us/,301,TRUE,FALSE,FALSE,FALSE
hairtreat.com.bd/contact-us.html,https://hairtreat.com.bd/about/contact-us/,301,TRUE,FALSE,FALSE,FALSE
hairtreat.com.bd/contact,https://hairtreat.com.bd/about/contact-us/,301,TRUE,FALSE,FALSE,FALSE
hairtreat.com.bd/contact.html,https://hairtreat.com.bd/about/contact-us/,301,TRUE,FALSE,FALSE,FALSE
hairtreat.com.bd/blog,https://hairtreat.com.bd/about/blog/,301,TRUE,FALSE,FALSE,FALSE
hairtreat.com.bd/blog/,https://hairtreat.com.bd/about/blog/,301,TRUE,FALSE,FALSE,FALSE
hairtreat.com.bd/blog/index.html,https://hairtreat.com.bd/about/blog/,301,TRUE,FALSE,FALSE,FALSE
hairtreat.com.bd/blog/top-10-hair-transplant-clinics-in-bangladesh,https://hairtreat.com.bd/about/blog/top-10-hair-transplant-clinics-in-bangladesh/,301,TRUE,FALSE,FALSE,FALSE
hairtreat.com.bd/blog/top-10-hair-transplant-clinics-in-bangladesh/,https://hairtreat.com.bd/about/blog/top-10-hair-transplant-clinics-in-bangladesh/,301,TRUE,FALSE,FALSE,FALSE
hairtreat.com.bd/blog/top-10-hair-transplant-clinics-in-bangladesh.html,https://hairtreat.com.bd/about/blog/top-10-hair-transplant-clinics-in-bangladesh/,301,TRUE,FALSE,FALSE,FALSE
hairtreat.com.bd/blog/top-10-hair-transplant-surgeons-in-bangladesh,https://hairtreat.com.bd/about/blog/top-10-hair-transplant-surgeons-in-bangladesh/,301,TRUE,FALSE,FALSE,FALSE
hairtreat.com.bd/blog/top-10-hair-transplant-surgeons-in-bangladesh/,https://hairtreat.com.bd/about/blog/top-10-hair-transplant-surgeons-in-bangladesh/,301,TRUE,FALSE,FALSE,FALSE
hairtreat.com.bd/blog/top-10-hair-transplant-surgeons-in-bangladesh.html,https://hairtreat.com.bd/about/blog/top-10-hair-transplant-surgeons-in-bangladesh/,301,TRUE,FALSE,FALSE,FALSE
hairtreat.com.bd/blog/best-hair-transplant-service-bangladesh,https://hairtreat.com.bd/about/blog/best-hair-transplant-service-bangladesh/,301,TRUE,FALSE,FALSE,FALSE
hairtreat.com.bd/blog/best-hair-transplant-service-bangladesh/,https://hairtreat.com.bd/about/blog/best-hair-transplant-service-bangladesh/,301,TRUE,FALSE,FALSE,FALSE
hairtreat.com.bd/blog/best-hair-transplant-service-bangladesh.html,https://hairtreat.com.bd/about/blog/best-hair-transplant-service-bangladesh/,301,TRUE,FALSE,FALSE,FALSE
hairtreat.com.bd/hair-treatments/hair-transplant/fue,https://hairtreat.com.bd/hair-treatments/method/fue/,301,TRUE,FALSE,FALSE,FALSE
hairtreat.com.bd/hair-treatments/hair-transplant/fue/,https://hairtreat.com.bd/hair-treatments/method/fue/,301,TRUE,FALSE,FALSE,FALSE
hairtreat.com.bd/hair-treatments/hair-transplant/fue/index.html,https://hairtreat.com.bd/hair-treatments/method/fue/,301,TRUE,FALSE,FALSE,FALSE
hairtreat.com.bd/hair-treatments/hair-transplant/sapphire-hair-transplant,https://hairtreat.com.bd/hair-treatments/method/sapphire/,301,TRUE,FALSE,FALSE,FALSE
hairtreat.com.bd/hair-treatments/hair-transplant/sapphire-hair-transplant/,https://hairtreat.com.bd/hair-treatments/method/sapphire/,301,TRUE,FALSE,FALSE,FALSE
hairtreat.com.bd/hair-treatments/hair-transplant/sapphire-hair-transplant/index.html,https://hairtreat.com.bd/hair-treatments/method/sapphire/,301,TRUE,FALSE,FALSE,FALSE
hairtreat.com.bd/hair-treatments/hair-prp,https://hairtreat.com.bd/hair-treatments/hair-transplant/hair-prp/,301,TRUE,FALSE,FALSE,FALSE
hairtreat.com.bd/hair-treatments/hair-prp/,https://hairtreat.com.bd/hair-treatments/hair-transplant/hair-prp/,301,TRUE,FALSE,FALSE,FALSE
hairtreat.com.bd/hair-treatments/hair-prp/index.html,https://hairtreat.com.bd/hair-treatments/hair-transplant/hair-prp/,301,TRUE,FALSE,FALSE,FALSE
hairtreat.com.bd/hair-treatments/hair-line-correction,https://hairtreat.com.bd/hair-treatments/hair-transplant/hair-line-correction/,301,TRUE,FALSE,FALSE,FALSE
hairtreat.com.bd/hair-treatments/hair-line-correction/,https://hairtreat.com.bd/hair-treatments/hair-transplant/hair-line-correction/,301,TRUE,FALSE,FALSE,FALSE
hairtreat.com.bd/hair-treatments/hair-line-correction/index.html,https://hairtreat.com.bd/hair-treatments/hair-transplant/hair-line-correction/,301,TRUE,FALSE,FALSE,FALSE
hairtreat.com.bd/hair-treatments/gfc-prp,https://hairtreat.com.bd/hair-treatments/hair-transplant/gfc-prp/,301,TRUE,FALSE,FALSE,FALSE
hairtreat.com.bd/hair-treatments/gfc-prp/,https://hairtreat.com.bd/hair-treatments/hair-transplant/gfc-prp/,301,TRUE,FALSE,FALSE,FALSE
hairtreat.com.bd/hair-treatments/gfc-prp/index.html,https://hairtreat.com.bd/hair-treatments/hair-transplant/gfc-prp/,301,TRUE,FALSE,FALSE,FALSE
hairtreat.com.bd/hair-transplant/,https://hairtreat.com.bd/hair-treatments/hair-transplant/,301,TRUE,FALSE,FALSE,FALSE
hairtreat.com.bd/hair-transplant/index.html,https://hairtreat.com.bd/hair-treatments/hair-transplant/,301,TRUE,FALSE,FALSE,FALSE
hairtreat.com.bd/treatments/hair-transplant/,https://hairtreat.com.bd/hair-treatments/hair-transplant/,301,TRUE,FALSE,FALSE,FALSE
hairtreat.com.bd/treatments/hair-transplant/index.html,https://hairtreat.com.bd/hair-treatments/hair-transplant/,301,TRUE,FALSE,FALSE,FALSE
hairtreat.com.bd/treatments/hair-transplant.html,https://hairtreat.com.bd/hair-treatments/hair-transplant/,301,TRUE,FALSE,FALSE,FALSE
hairtreat.com.bd/transplant/hair-transplant/,https://hairtreat.com.bd/hair-treatments/hair-transplant/,301,TRUE,FALSE,FALSE,FALSE
hairtreat.com.bd/transplant/hair-transplant/index.html,https://hairtreat.com.bd/hair-treatments/hair-transplant/,301,TRUE,FALSE,FALSE,FALSE
hairtreat.com.bd/transplant/hair-transplant.html,https://hairtreat.com.bd/hair-treatments/hair-transplant/,301,TRUE,FALSE,FALSE,FALSE
hairtreat.com.bd/fue/,https://hairtreat.com.bd/hair-treatments/method/fue/,301,TRUE,FALSE,FALSE,FALSE
hairtreat.com.bd/fue/index.html,https://hairtreat.com.bd/hair-treatments/method/fue/,301,TRUE,FALSE,FALSE,FALSE
hairtreat.com.bd/treatments/fue/,https://hairtreat.com.bd/hair-treatments/method/fue/,301,TRUE,FALSE,FALSE,FALSE
hairtreat.com.bd/treatments/fue/index.html,https://hairtreat.com.bd/hair-treatments/method/fue/,301,TRUE,FALSE,FALSE,FALSE
hairtreat.com.bd/treatments/fue.html,https://hairtreat.com.bd/hair-treatments/method/fue/,301,TRUE,FALSE,FALSE,FALSE
hairtreat.com.bd/transplant/fue/,https://hairtreat.com.bd/hair-treatments/method/fue/,301,TRUE,FALSE,FALSE,FALSE
hairtreat.com.bd/transplant/fue/index.html,https://hairtreat.com.bd/hair-treatments/method/fue/,301,TRUE,FALSE,FALSE,FALSE
hairtreat.com.bd/transplant/fue.html,https://hairtreat.com.bd/hair-treatments/method/fue/,301,TRUE,FALSE,FALSE,FALSE
hairtreat.com.bd/hair-treatments/fue,https://hairtreat.com.bd/hair-treatments/method/fue/,301,TRUE,FALSE,FALSE,FALSE
hairtreat.com.bd/hair-treatments/fue/,https://hairtreat.com.bd/hair-treatments/method/fue/,301,TRUE,FALSE,FALSE,FALSE
hairtreat.com.bd/hair-treatments/fue/index.html,https://hairtreat.com.bd/hair-treatments/method/fue/,301,TRUE,FALSE,FALSE,FALSE
hairtreat.com.bd/hair-treatments/fue.html,https://hairtreat.com.bd/hair-treatments/method/fue/,301,TRUE,FALSE,FALSE,FALSE
hairtreat.com.bd/hair-treatments/hair-transplant/fue.html,https://hairtreat.com.bd/hair-treatments/method/fue/,301,TRUE,FALSE,FALSE,FALSE
hairtreat.com.bd/sapphire-hair-transplant/,https://hairtreat.com.bd/hair-treatments/method/sapphire/,301,TRUE,FALSE,FALSE,FALSE
hairtreat.com.bd/sapphire-hair-transplant/index.html,https://hairtreat.com.bd/hair-treatments/method/sapphire/,301,TRUE,FALSE,FALSE,FALSE
hairtreat.com.bd/treatments/sapphire-hair-transplant,https://hairtreat.com.bd/hair-treatments/method/sapphire/,301,TRUE,FALSE,FALSE,FALSE
hairtreat.com.bd/treatments/sapphire-hair-transplant/,https://hairtreat.com.bd/hair-treatments/method/sapphire/,301,TRUE,FALSE,FALSE,FALSE
hairtreat.com.bd/treatments/sapphire-hair-transplant/index.html,https://hairtreat.com.bd/hair-treatments/method/sapphire/,301,TRUE,FALSE,FALSE,FALSE
hairtreat.com.bd/treatments/sapphire-hair-transplant.html,https://hairtreat.com.bd/hair-treatments/method/sapphire/,301,TRUE,FALSE,FALSE,FALSE
hairtreat.com.bd/transplant/sapphire-hair-transplant/,https://hairtreat.com.bd/hair-treatments/method/sapphire/,301,TRUE,FALSE,FALSE,FALSE
hairtreat.com.bd/transplant/sapphire-hair-transplant/index.html,https://hairtreat.com.bd/hair-treatments/method/sapphire/,301,TRUE,FALSE,FALSE,FALSE
hairtreat.com.bd/transplant/sapphire-hair-transplant.html,https://hairtreat.com.bd/hair-treatments/method/sapphire/,301,TRUE,FALSE,FALSE,FALSE
hairtreat.com.bd/hair-treatments/sapphire-hair-transplant,https://hairtreat.com.bd/hair-treatments/method/sapphire/,301,TRUE,FALSE,FALSE,FALSE
hairtreat.com.bd/hair-treatments/sapphire-hair-transplant/,https://hairtreat.com.bd/hair-treatments/method/sapphire/,301,TRUE,FALSE,FALSE,FALSE
hairtreat.com.bd/hair-treatments/sapphire-hair-transplant/index.html,https://hairtreat.com.bd/hair-treatments/method/sapphire/,301,TRUE,FALSE,FALSE,FALSE
hairtreat.com.bd/hair-treatments/sapphire-hair-transplant.html,https://hairtreat.com.bd/hair-treatments/method/sapphire/,301,TRUE,FALSE,FALSE,FALSE
hairtreat.com.bd/hair-treatments/hair-transplant/sapphire-hair-transplant.html,https://hairtreat.com.bd/hair-treatments/method/sapphire/,301,TRUE,FALSE,FALSE,FALSE
hairtreat.com.bd/bio-sapphire,https://hairtreat.com.bd/hair-treatments/method/bio-sapphire/,301,TRUE,FALSE,FALSE,FALSE
hairtreat.com.bd/bio-sapphire/,https://hairtreat.com.bd/hair-treatments/method/bio-sapphire/,301,TRUE,FALSE,FALSE,FALSE
hairtreat.com.bd/bio-sapphire/index.html,https://hairtreat.com.bd/hair-treatments/method/bio-sapphire/,301,TRUE,FALSE,FALSE,FALSE
hairtreat.com.bd/bio-sapphire.html,https://hairtreat.com.bd/hair-treatments/method/bio-sapphire/,301,TRUE,FALSE,FALSE,FALSE
hairtreat.com.bd/bio-sapphire-hair-transplant,https://hairtreat.com.bd/hair-treatments/method/bio-sapphire/,301,TRUE,FALSE,FALSE,FALSE
hairtreat.com.bd/bio-sapphire-hair-transplant/,https://hairtreat.com.bd/hair-treatments/method/bio-sapphire/,301,TRUE,FALSE,FALSE,FALSE
hairtreat.com.bd/bio-sapphire-hair-transplant/index.html,https://hairtreat.com.bd/hair-treatments/method/bio-sapphire/,301,TRUE,FALSE,FALSE,FALSE
hairtreat.com.bd/bio-sapphire-hair-transplant.html,https://hairtreat.com.bd/hair-treatments/method/bio-sapphire/,301,TRUE,FALSE,FALSE,FALSE
hairtreat.com.bd/treatments/bio-sapphire,https://hairtreat.com.bd/hair-treatments/method/bio-sapphire/,301,TRUE,FALSE,FALSE,FALSE
hairtreat.com.bd/treatments/bio-sapphire/,https://hairtreat.com.bd/hair-treatments/method/bio-sapphire/,301,TRUE,FALSE,FALSE,FALSE
hairtreat.com.bd/treatments/bio-sapphire/index.html,https://hairtreat.com.bd/hair-treatments/method/bio-sapphire/,301,TRUE,FALSE,FALSE,FALSE
hairtreat.com.bd/treatments/bio-sapphire.html,https://hairtreat.com.bd/hair-treatments/method/bio-sapphire/,301,TRUE,FALSE,FALSE,FALSE
hairtreat.com.bd/transplant/bio-sapphire,https://hairtreat.com.bd/hair-treatments/method/bio-sapphire/,301,TRUE,FALSE,FALSE,FALSE
hairtreat.com.bd/transplant/bio-sapphire/,https://hairtreat.com.bd/hair-treatments/method/bio-sapphire/,301,TRUE,FALSE,FALSE,FALSE
hairtreat.com.bd/transplant/bio-sapphire/index.html,https://hairtreat.com.bd/hair-treatments/method/bio-sapphire/,301,TRUE,FALSE,FALSE,FALSE
hairtreat.com.bd/transplant/bio-sapphire.html,https://hairtreat.com.bd/hair-treatments/method/bio-sapphire/,301,TRUE,FALSE,FALSE,FALSE
hairtreat.com.bd/hair-treatments/bio-sapphire,https://hairtreat.com.bd/hair-treatments/method/bio-sapphire/,301,TRUE,FALSE,FALSE,FALSE
hairtreat.com.bd/hair-treatments/bio-sapphire/,https://hairtreat.com.bd/hair-treatments/method/bio-sapphire/,301,TRUE,FALSE,FALSE,FALSE
hairtreat.com.bd/hair-treatments/bio-sapphire/index.html,https://hairtreat.com.bd/hair-treatments/method/bio-sapphire/,301,TRUE,FALSE,FALSE,FALSE
hairtreat.com.bd/hair-treatments/bio-sapphire.html,https://hairtreat.com.bd/hair-treatments/method/bio-sapphire/,301,TRUE,FALSE,FALSE,FALSE
hairtreat.com.bd/hair-treatments/hair-transplant/bio-sapphire,https://hairtreat.com.bd/hair-treatments/method/bio-sapphire/,301,TRUE,FALSE,FALSE,FALSE
hairtreat.com.bd/hair-treatments/hair-transplant/bio-sapphire/,https://hairtreat.com.bd/hair-treatments/method/bio-sapphire/,301,TRUE,FALSE,FALSE,FALSE
hairtreat.com.bd/hair-treatments/hair-transplant/bio-sapphire/index.html,https://hairtreat.com.bd/hair-treatments/method/bio-sapphire/,301,TRUE,FALSE,FALSE,FALSE
hairtreat.com.bd/hair-treatments/hair-transplant/bio-sapphire.html,https://hairtreat.com.bd/hair-treatments/method/bio-sapphire/,301,TRUE,FALSE,FALSE,FALSE
hairtreat.com.bd/dhi,https://hairtreat.com.bd/hair-treatments/method/dhi/,301,TRUE,FALSE,FALSE,FALSE
hairtreat.com.bd/dhi/,https://hairtreat.com.bd/hair-treatments/method/dhi/,301,TRUE,FALSE,FALSE,FALSE
hairtreat.com.bd/dhi/index.html,https://hairtreat.com.bd/hair-treatments/method/dhi/,301,TRUE,FALSE,FALSE,FALSE
hairtreat.com.bd/dhi.html,https://hairtreat.com.bd/hair-treatments/method/dhi/,301,TRUE,FALSE,FALSE,FALSE
hairtreat.com.bd/dhi-hair-transplant,https://hairtreat.com.bd/hair-treatments/method/dhi/,301,TRUE,FALSE,FALSE,FALSE
hairtreat.com.bd/dhi-hair-transplant/,https://hairtreat.com.bd/hair-treatments/method/dhi/,301,TRUE,FALSE,FALSE,FALSE
hairtreat.com.bd/dhi-hair-transplant/index.html,https://hairtreat.com.bd/hair-treatments/method/dhi/,301,TRUE,FALSE,FALSE,FALSE
hairtreat.com.bd/dhi-hair-transplant.html,https://hairtreat.com.bd/hair-treatments/method/dhi/,301,TRUE,FALSE,FALSE,FALSE
hairtreat.com.bd/treatments/dhi,https://hairtreat.com.bd/hair-treatments/method/dhi/,301,TRUE,FALSE,FALSE,FALSE
hairtreat.com.bd/treatments/dhi/,https://hairtreat.com.bd/hair-treatments/method/dhi/,301,TRUE,FALSE,FALSE,FALSE
hairtreat.com.bd/treatments/dhi/index.html,https://hairtreat.com.bd/hair-treatments/method/dhi/,301,TRUE,FALSE,FALSE,FALSE
hairtreat.com.bd/treatments/dhi.html,https://hairtreat.com.bd/hair-treatments/method/dhi/,301,TRUE,FALSE,FALSE,FALSE
hairtreat.com.bd/transplant/dhi,https://hairtreat.com.bd/hair-treatments/method/dhi/,301,TRUE,FALSE,FALSE,FALSE
hairtreat.com.bd/transplant/dhi/,https://hairtreat.com.bd/hair-treatments/method/dhi/,301,TRUE,FALSE,FALSE,FALSE
hairtreat.com.bd/transplant/dhi/index.html,https://hairtreat.com.bd/hair-treatments/method/dhi/,301,TRUE,FALSE,FALSE,FALSE
hairtreat.com.bd/transplant/dhi.html,https://hairtreat.com.bd/hair-treatments/method/dhi/,301,TRUE,FALSE,FALSE,FALSE
hairtreat.com.bd/hair-treatments/dhi,https://hairtreat.com.bd/hair-treatments/method/dhi/,301,TRUE,FALSE,FALSE,FALSE
hairtreat.com.bd/hair-treatments/dhi/,https://hairtreat.com.bd/hair-treatments/method/dhi/,301,TRUE,FALSE,FALSE,FALSE
hairtreat.com.bd/hair-treatments/dhi/index.html,https://hairtreat.com.bd/hair-treatments/method/dhi/,301,TRUE,FALSE,FALSE,FALSE
hairtreat.com.bd/hair-treatments/dhi.html,https://hairtreat.com.bd/hair-treatments/method/dhi/,301,TRUE,FALSE,FALSE,FALSE
hairtreat.com.bd/hair-treatments/hair-transplant/dhi,https://hairtreat.com.bd/hair-treatments/method/dhi/,301,TRUE,FALSE,FALSE,FALSE
hairtreat.com.bd/hair-treatments/hair-transplant/dhi/,https://hairtreat.com.bd/hair-treatments/method/dhi/,301,TRUE,FALSE,FALSE,FALSE
hairtreat.com.bd/hair-treatments/hair-transplant/dhi/index.html,https://hairtreat.com.bd/hair-treatments/method/dhi/,301,TRUE,FALSE,FALSE,FALSE
hairtreat.com.bd/hair-treatments/hair-transplant/dhi.html,https://hairtreat.com.bd/hair-treatments/method/dhi/,301,TRUE,FALSE,FALSE,FALSE
hairtreat.com.bd/hair-transplant-method,https://hairtreat.com.bd/hair-treatments/method/,301,TRUE,FALSE,FALSE,FALSE
hairtreat.com.bd/hair-transplant-method/,https://hairtreat.com.bd/hair-treatments/method/,301,TRUE,FALSE,FALSE,FALSE
hairtreat.com.bd/hair-transplant-method/index.html,https://hairtreat.com.bd/hair-treatments/method/,301,TRUE,FALSE,FALSE,FALSE
hairtreat.com.bd/hair-transplant-method.html,https://hairtreat.com.bd/hair-treatments/method/,301,TRUE,FALSE,FALSE,FALSE
hairtreat.com.bd/treatments/hair-transplant-method,https://hairtreat.com.bd/hair-treatments/method/,301,TRUE,FALSE,FALSE,FALSE
hairtreat.com.bd/treatments/hair-transplant-method/,https://hairtreat.com.bd/hair-treatments/method/,301,TRUE,FALSE,FALSE,FALSE
hairtreat.com.bd/treatments/hair-transplant-method/index.html,https://hairtreat.com.bd/hair-treatments/method/,301,TRUE,FALSE,FALSE,FALSE
hairtreat.com.bd/treatments/hair-transplant-method.html,https://hairtreat.com.bd/hair-treatments/method/,301,TRUE,FALSE,FALSE,FALSE
hairtreat.com.bd/eyebrow-transplant/,https://hairtreat.com.bd/hair-treatments/hair-transplant/eyebrow-transplant/,301,TRUE,FALSE,FALSE,FALSE
hairtreat.com.bd/eyebrow-transplant/index.html,https://hairtreat.com.bd/hair-treatments/hair-transplant/eyebrow-transplant/,301,TRUE,FALSE,FALSE,FALSE
hairtreat.com.bd/treatments/eyebrow-transplant/,https://hairtreat.com.bd/hair-treatments/hair-transplant/eyebrow-transplant/,301,TRUE,FALSE,FALSE,FALSE
hairtreat.com.bd/treatments/eyebrow-transplant/index.html,https://hairtreat.com.bd/hair-treatments/hair-transplant/eyebrow-transplant/,301,TRUE,FALSE,FALSE,FALSE
hairtreat.com.bd/treatments/eyebrow-transplant.html,https://hairtreat.com.bd/hair-treatments/hair-transplant/eyebrow-transplant/,301,TRUE,FALSE,FALSE,FALSE
hairtreat.com.bd/transplant/eyebrow-transplant/,https://hairtreat.com.bd/hair-treatments/hair-transplant/eyebrow-transplant/,301,TRUE,FALSE,FALSE,FALSE
hairtreat.com.bd/transplant/eyebrow-transplant/index.html,https://hairtreat.com.bd/hair-treatments/hair-transplant/eyebrow-transplant/,301,TRUE,FALSE,FALSE,FALSE
hairtreat.com.bd/transplant/eyebrow-transplant.html,https://hairtreat.com.bd/hair-treatments/hair-transplant/eyebrow-transplant/,301,TRUE,FALSE,FALSE,FALSE
hairtreat.com.bd/hair-treatments/eyebrow-transplant,https://hairtreat.com.bd/hair-treatments/hair-transplant/eyebrow-transplant/,301,TRUE,FALSE,FALSE,FALSE
hairtreat.com.bd/hair-treatments/eyebrow-transplant/,https://hairtreat.com.bd/hair-treatments/hair-transplant/eyebrow-transplant/,301,TRUE,FALSE,FALSE,FALSE
hairtreat.com.bd/hair-treatments/eyebrow-transplant/index.html,https://hairtreat.com.bd/hair-treatments/hair-transplant/eyebrow-transplant/,301,TRUE,FALSE,FALSE,FALSE
hairtreat.com.bd/hair-treatments/eyebrow-transplant.html,https://hairtreat.com.bd/hair-treatments/hair-transplant/eyebrow-transplant/,301,TRUE,FALSE,FALSE,FALSE
hairtreat.com.bd/female-hair-transplant/,https://hairtreat.com.bd/hair-treatments/hair-transplant/female-hair-transplant/,301,TRUE,FALSE,FALSE,FALSE
hairtreat.com.bd/female-hair-transplant/index.html,https://hairtreat.com.bd/hair-treatments/hair-transplant/female-hair-transplant/,301,TRUE,FALSE,FALSE,FALSE
hairtreat.com.bd/treatments/female-hair-transplant,https://hairtreat.com.bd/hair-treatments/hair-transplant/female-hair-transplant/,301,TRUE,FALSE,FALSE,FALSE
hairtreat.com.bd/treatments/female-hair-transplant/,https://hairtreat.com.bd/hair-treatments/hair-transplant/female-hair-transplant/,301,TRUE,FALSE,FALSE,FALSE
hairtreat.com.bd/treatments/female-hair-transplant/index.html,https://hairtreat.com.bd/hair-treatments/hair-transplant/female-hair-transplant/,301,TRUE,FALSE,FALSE,FALSE
hairtreat.com.bd/treatments/female-hair-transplant.html,https://hairtreat.com.bd/hair-treatments/hair-transplant/female-hair-transplant/,301,TRUE,FALSE,FALSE,FALSE
hairtreat.com.bd/transplant/female-hair-transplant/,https://hairtreat.com.bd/hair-treatments/hair-transplant/female-hair-transplant/,301,TRUE,FALSE,FALSE,FALSE
hairtreat.com.bd/transplant/female-hair-transplant/index.html,https://hairtreat.com.bd/hair-treatments/hair-transplant/female-hair-transplant/,301,TRUE,FALSE,FALSE,FALSE
hairtreat.com.bd/transplant/female-hair-transplant.html,https://hairtreat.com.bd/hair-treatments/hair-transplant/female-hair-transplant/,301,TRUE,FALSE,FALSE,FALSE
hairtreat.com.bd/hair-treatments/female-hair-transplant,https://hairtreat.com.bd/hair-treatments/hair-transplant/female-hair-transplant/,301,TRUE,FALSE,FALSE,FALSE
hairtreat.com.bd/hair-treatments/female-hair-transplant/,https://hairtreat.com.bd/hair-treatments/hair-transplant/female-hair-transplant/,301,TRUE,FALSE,FALSE,FALSE
hairtreat.com.bd/hair-treatments/female-hair-transplant/index.html,https://hairtreat.com.bd/hair-treatments/hair-transplant/female-hair-transplant/,301,TRUE,FALSE,FALSE,FALSE
hairtreat.com.bd/hair-treatments/female-hair-transplant.html,https://hairtreat.com.bd/hair-treatments/hair-transplant/female-hair-transplant/,301,TRUE,FALSE,FALSE,FALSE
hairtreat.com.bd/beard-transplant/,https://hairtreat.com.bd/hair-treatments/hair-transplant/beard-transplant/,301,TRUE,FALSE,FALSE,FALSE
hairtreat.com.bd/beard-transplant/index.html,https://hairtreat.com.bd/hair-treatments/hair-transplant/beard-transplant/,301,TRUE,FALSE,FALSE,FALSE
hairtreat.com.bd/treatments/beard-transplant/,https://hairtreat.com.bd/hair-treatments/hair-transplant/beard-transplant/,301,TRUE,FALSE,FALSE,FALSE
hairtreat.com.bd/treatments/beard-transplant/index.html,https://hairtreat.com.bd/hair-treatments/hair-transplant/beard-transplant/,301,TRUE,FALSE,FALSE,FALSE
hairtreat.com.bd/treatments/beard-transplant.html,https://hairtreat.com.bd/hair-treatments/hair-transplant/beard-transplant/,301,TRUE,FALSE,FALSE,FALSE
hairtreat.com.bd/transplant/beard-transplant/,https://hairtreat.com.bd/hair-treatments/hair-transplant/beard-transplant/,301,TRUE,FALSE,FALSE,FALSE
hairtreat.com.bd/transplant/beard-transplant/index.html,https://hairtreat.com.bd/hair-treatments/hair-transplant/beard-transplant/,301,TRUE,FALSE,FALSE,FALSE
hairtreat.com.bd/transplant/beard-transplant.html,https://hairtreat.com.bd/hair-treatments/hair-transplant/beard-transplant/,301,TRUE,FALSE,FALSE,FALSE
hairtreat.com.bd/hair-treatments/beard-transplant,https://hairtreat.com.bd/hair-treatments/hair-transplant/beard-transplant/,301,TRUE,FALSE,FALSE,FALSE
hairtreat.com.bd/hair-treatments/beard-transplant/,https://hairtreat.com.bd/hair-treatments/hair-transplant/beard-transplant/,301,TRUE,FALSE,FALSE,FALSE
hairtreat.com.bd/hair-treatments/beard-transplant/index.html,https://hairtreat.com.bd/hair-treatments/hair-transplant/beard-transplant/,301,TRUE,FALSE,FALSE,FALSE
hairtreat.com.bd/hair-treatments/beard-transplant.html,https://hairtreat.com.bd/hair-treatments/hair-transplant/beard-transplant/,301,TRUE,FALSE,FALSE,FALSE
hairtreat.com.bd/fut-hair-transplant/,https://hairtreat.com.bd/hair-treatments/hair-transplant/fut-hair-transplant/,301,TRUE,FALSE,FALSE,FALSE
hairtreat.com.bd/fut-hair-transplant/index.html,https://hairtreat.com.bd/hair-treatments/hair-transplant/fut-hair-transplant/,301,TRUE,FALSE,FALSE,FALSE
hairtreat.com.bd/treatments/fut-hair-transplant,https://hairtreat.com.bd/hair-treatments/hair-transplant/fut-hair-transplant/,301,TRUE,FALSE,FALSE,FALSE
hairtreat.com.bd/treatments/fut-hair-transplant/,https://hairtreat.com.bd/hair-treatments/hair-transplant/fut-hair-transplant/,301,TRUE,FALSE,FALSE,FALSE
hairtreat.com.bd/treatments/fut-hair-transplant/index.html,https://hairtreat.com.bd/hair-treatments/hair-transplant/fut-hair-transplant/,301,TRUE,FALSE,FALSE,FALSE
hairtreat.com.bd/treatments/fut-hair-transplant.html,https://hairtreat.com.bd/hair-treatments/hair-transplant/fut-hair-transplant/,301,TRUE,FALSE,FALSE,FALSE
hairtreat.com.bd/transplant/fut-hair-transplant/,https://hairtreat.com.bd/hair-treatments/hair-transplant/fut-hair-transplant/,301,TRUE,FALSE,FALSE,FALSE
hairtreat.com.bd/transplant/fut-hair-transplant/index.html,https://hairtreat.com.bd/hair-treatments/hair-transplant/fut-hair-transplant/,301,TRUE,FALSE,FALSE,FALSE
hairtreat.com.bd/transplant/fut-hair-transplant.html,https://hairtreat.com.bd/hair-treatments/hair-transplant/fut-hair-transplant/,301,TRUE,FALSE,FALSE,FALSE
hairtreat.com.bd/hair-treatments/fut-hair-transplant,https://hairtreat.com.bd/hair-treatments/hair-transplant/fut-hair-transplant/,301,TRUE,FALSE,FALSE,FALSE
hairtreat.com.bd/hair-treatments/fut-hair-transplant/,https://hairtreat.com.bd/hair-treatments/hair-transplant/fut-hair-transplant/,301,TRUE,FALSE,FALSE,FALSE
hairtreat.com.bd/hair-treatments/fut-hair-transplant/index.html,https://hairtreat.com.bd/hair-treatments/hair-transplant/fut-hair-transplant/,301,TRUE,FALSE,FALSE,FALSE
hairtreat.com.bd/hair-treatments/fut-hair-transplant.html,https://hairtreat.com.bd/hair-treatments/hair-transplant/fut-hair-transplant/,301,TRUE,FALSE,FALSE,FALSE
hairtreat.com.bd/hair-prp/,https://hairtreat.com.bd/hair-treatments/hair-transplant/hair-prp/,301,TRUE,FALSE,FALSE,FALSE
hairtreat.com.bd/hair-prp/index.html,https://hairtreat.com.bd/hair-treatments/hair-transplant/hair-prp/,301,TRUE,FALSE,FALSE,FALSE
hairtreat.com.bd/treatments/hair-prp/,https://hairtreat.com.bd/hair-treatments/hair-transplant/hair-prp/,301,TRUE,FALSE,FALSE,FALSE
hairtreat.com.bd/treatments/hair-prp/index.html,https://hairtreat.com.bd/hair-treatments/hair-transplant/hair-prp/,301,TRUE,FALSE,FALSE,FALSE
hairtreat.com.bd/treatments/hair-prp.html,https://hairtreat.com.bd/hair-treatments/hair-transplant/hair-prp/,301,TRUE,FALSE,FALSE,FALSE
hairtreat.com.bd/transplant/hair-prp/,https://hairtreat.com.bd/hair-treatments/hair-transplant/hair-prp/,301,TRUE,FALSE,FALSE,FALSE
hairtreat.com.bd/transplant/hair-prp/index.html,https://hairtreat.com.bd/hair-treatments/hair-transplant/hair-prp/,301,TRUE,FALSE,FALSE,FALSE
hairtreat.com.bd/transplant/hair-prp.html,https://hairtreat.com.bd/hair-treatments/hair-transplant/hair-prp/,301,TRUE,FALSE,FALSE,FALSE
hairtreat.com.bd/hair-treatments/hair-prp.html,https://hairtreat.com.bd/hair-treatments/hair-transplant/hair-prp/,301,TRUE,FALSE,FALSE,FALSE
hairtreat.com.bd/hair-line-correction/,https://hairtreat.com.bd/hair-treatments/hair-transplant/hair-line-correction/,301,TRUE,FALSE,FALSE,FALSE
hairtreat.com.bd/hair-line-correction/index.html,https://hairtreat.com.bd/hair-treatments/hair-transplant/hair-line-correction/,301,TRUE,FALSE,FALSE,FALSE
hairtreat.com.bd/treatments/hair-line-correction/,https://hairtreat.com.bd/hair-treatments/hair-transplant/hair-line-correction/,301,TRUE,FALSE,FALSE,FALSE
hairtreat.com.bd/treatments/hair-line-correction/index.html,https://hairtreat.com.bd/hair-treatments/hair-transplant/hair-line-correction/,301,TRUE,FALSE,FALSE,FALSE
hairtreat.com.bd/treatments/hair-line-correction.html,https://hairtreat.com.bd/hair-treatments/hair-transplant/hair-line-correction/,301,TRUE,FALSE,FALSE,FALSE
hairtreat.com.bd/transplant/hair-line-correction/,https://hairtreat.com.bd/hair-treatments/hair-transplant/hair-line-correction/,301,TRUE,FALSE,FALSE,FALSE
hairtreat.com.bd/transplant/hair-line-correction/index.html,https://hairtreat.com.bd/hair-treatments/hair-transplant/hair-line-correction/,301,TRUE,FALSE,FALSE,FALSE
hairtreat.com.bd/transplant/hair-line-correction.html,https://hairtreat.com.bd/hair-treatments/hair-transplant/hair-line-correction/,301,TRUE,FALSE,FALSE,FALSE
hairtreat.com.bd/hair-treatments/hair-line-correction.html,https://hairtreat.com.bd/hair-treatments/hair-transplant/hair-line-correction/,301,TRUE,FALSE,FALSE,FALSE
hairtreat.com.bd/gfc-prp/,https://hairtreat.com.bd/hair-treatments/hair-transplant/gfc-prp/,301,TRUE,FALSE,FALSE,FALSE
hairtreat.com.bd/gfc-prp/index.html,https://hairtreat.com.bd/hair-treatments/hair-transplant/gfc-prp/,301,TRUE,FALSE,FALSE,FALSE
hairtreat.com.bd/treatments/gfc-prp/,https://hairtreat.com.bd/hair-treatments/hair-transplant/gfc-prp/,301,TRUE,FALSE,FALSE,FALSE
hairtreat.com.bd/treatments/gfc-prp/index.html,https://hairtreat.com.bd/hair-treatments/hair-transplant/gfc-prp/,301,TRUE,FALSE,FALSE,FALSE
hairtreat.com.bd/treatments/gfc-prp.html,https://hairtreat.com.bd/hair-treatments/hair-transplant/gfc-prp/,301,TRUE,FALSE,FALSE,FALSE
hairtreat.com.bd/transplant/gfc-prp/,https://hairtreat.com.bd/hair-treatments/hair-transplant/gfc-prp/,301,TRUE,FALSE,FALSE,FALSE
hairtreat.com.bd/transplant/gfc-prp/index.html,https://hairtreat.com.bd/hair-treatments/hair-transplant/gfc-prp/,301,TRUE,FALSE,FALSE,FALSE
hairtreat.com.bd/transplant/gfc-prp.html,https://hairtreat.com.bd/hair-treatments/hair-transplant/gfc-prp/,301,TRUE,FALSE,FALSE,FALSE
hairtreat.com.bd/hair-treatments/gfc-prp.html,https://hairtreat.com.bd/hair-treatments/hair-transplant/gfc-prp/,301,TRUE,FALSE,FALSE,FALSE
hairtreat.com.bd/hours-and-location/index.html,https://hairtreat.com.bd/about/hours-and-location/,301,TRUE,FALSE,FALSE,FALSE
hairtreat.com.bd/contact-us/index.html,https://hairtreat.com.bd/about/contact-us/,301,TRUE,FALSE,FALSE,FALSE
hairtreat.com.bd/contact/,https://hairtreat.com.bd/about/contact-us/,301,TRUE,FALSE,FALSE,FALSE
hairtreat.com.bd/contact/index.html,https://hairtreat.com.bd/about/contact-us/,301,TRUE,FALSE,FALSE,FALSE
hairtreat.com.bd/blog.html,https://hairtreat.com.bd/about/blog/,301,TRUE,FALSE,FALSE,FALSE
hairtreat.com.bd/top-10-hair-transplant-clinics-in-bangladesh,https://hairtreat.com.bd/about/blog/top-10-hair-transplant-clinics-in-bangladesh/,301,TRUE,FALSE,FALSE,FALSE
hairtreat.com.bd/top-10-hair-transplant-clinics-in-bangladesh/,https://hairtreat.com.bd/about/blog/top-10-hair-transplant-clinics-in-bangladesh/,301,TRUE,FALSE,FALSE,FALSE
hairtreat.com.bd/top-10-hair-transplant-clinics-in-bangladesh/index.html,https://hairtreat.com.bd/about/blog/top-10-hair-transplant-clinics-in-bangladesh/,301,TRUE,FALSE,FALSE,FALSE
hairtreat.com.bd/top-10-hair-transplant-clinics-in-bangladesh.html,https://hairtreat.com.bd/about/blog/top-10-hair-transplant-clinics-in-bangladesh/,301,TRUE,FALSE,FALSE,FALSE
hairtreat.com.bd/blog/top-10-hair-transplant-clinics-in-bangladesh/index.html,https://hairtreat.com.bd/about/blog/top-10-hair-transplant-clinics-in-bangladesh/,301,TRUE,FALSE,FALSE,FALSE
hairtreat.com.bd/top-10-hair-transplant-surgeons-in-bangladesh,https://hairtreat.com.bd/about/blog/top-10-hair-transplant-surgeons-in-bangladesh/,301,TRUE,FALSE,FALSE,FALSE
hairtreat.com.bd/top-10-hair-transplant-surgeons-in-bangladesh/,https://hairtreat.com.bd/about/blog/top-10-hair-transplant-surgeons-in-bangladesh/,301,TRUE,FALSE,FALSE,FALSE
hairtreat.com.bd/top-10-hair-transplant-surgeons-in-bangladesh/index.html,https://hairtreat.com.bd/about/blog/top-10-hair-transplant-surgeons-in-bangladesh/,301,TRUE,FALSE,FALSE,FALSE
hairtreat.com.bd/top-10-hair-transplant-surgeons-in-bangladesh.html,https://hairtreat.com.bd/about/blog/top-10-hair-transplant-surgeons-in-bangladesh/,301,TRUE,FALSE,FALSE,FALSE
hairtreat.com.bd/blog/top-10-hair-transplant-surgeons-in-bangladesh/index.html,https://hairtreat.com.bd/about/blog/top-10-hair-transplant-surgeons-in-bangladesh/,301,TRUE,FALSE,FALSE,FALSE
hairtreat.com.bd/best-hair-transplant-service-bangladesh,https://hairtreat.com.bd/about/blog/best-hair-transplant-service-bangladesh/,301,TRUE,FALSE,FALSE,FALSE
hairtreat.com.bd/best-hair-transplant-service-bangladesh/,https://hairtreat.com.bd/about/blog/best-hair-transplant-service-bangladesh/,301,TRUE,FALSE,FALSE,FALSE
hairtreat.com.bd/best-hair-transplant-service-bangladesh/index.html,https://hairtreat.com.bd/about/blog/best-hair-transplant-service-bangladesh/,301,TRUE,FALSE,FALSE,FALSE
hairtreat.com.bd/best-hair-transplant-service-bangladesh.html,https://hairtreat.com.bd/about/blog/best-hair-transplant-service-bangladesh/,301,TRUE,FALSE,FALSE,FALSE
hairtreat.com.bd/blog/best-hair-transplant-service-bangladesh/index.html,https://hairtreat.com.bd/about/blog/best-hair-transplant-service-bangladesh/,301,TRUE,FALSE,FALSE,FALSE
hairtreat.com.bd/about/blog/index.html,https://hairtreat.com.bd/about/blog/,301,TRUE,FALSE,FALSE,FALSE
hairtreat.com.bd/about/blog.html,https://hairtreat.com.bd/about/blog/,301,TRUE,FALSE,FALSE,FALSE
hairtreat.com.bd/about/blog/best-hair-transplant-service-bangladesh/index.html,https://hairtreat.com.bd/about/blog/best-hair-transplant-service-bangladesh/,301,TRUE,FALSE,FALSE,FALSE
hairtreat.com.bd/about/blog/best-hair-transplant-service-bangladesh.html,https://hairtreat.com.bd/about/blog/best-hair-transplant-service-bangladesh/,301,TRUE,FALSE,FALSE,FALSE
hairtreat.com.bd/about/blog/top-10-hair-transplant-clinics-in-bangladesh/index.html,https://hairtreat.com.bd/about/blog/top-10-hair-transplant-clinics-in-bangladesh/,301,TRUE,FALSE,FALSE,FALSE
hairtreat.com.bd/about/blog/top-10-hair-transplant-clinics-in-bangladesh.html,https://hairtreat.com.bd/about/blog/top-10-hair-transplant-clinics-in-bangladesh/,301,TRUE,FALSE,FALSE,FALSE
hairtreat.com.bd/about/blog/top-10-hair-transplant-surgeons-in-bangladesh/index.html,https://hairtreat.com.bd/about/blog/top-10-hair-transplant-surgeons-in-bangladesh/,301,TRUE,FALSE,FALSE,FALSE
hairtreat.com.bd/about/blog/top-10-hair-transplant-surgeons-in-bangladesh.html,https://hairtreat.com.bd/about/blog/top-10-hair-transplant-surgeons-in-bangladesh/,301,TRUE,FALSE,FALSE,FALSE
hairtreat.com.bd/about/contact-us/index.html,https://hairtreat.com.bd/about/contact-us/,301,TRUE,FALSE,FALSE,FALSE
hairtreat.com.bd/about/contact-us.html,https://hairtreat.com.bd/about/contact-us/,301,TRUE,FALSE,FALSE,FALSE
hairtreat.com.bd/about/hours-and-location/index.html,https://hairtreat.com.bd/about/hours-and-location/,301,TRUE,FALSE,FALSE,FALSE
hairtreat.com.bd/about/hours-and-location.html,https://hairtreat.com.bd/about/hours-and-location/,301,TRUE,FALSE,FALSE,FALSE
hairtreat.com.bd/hair-treatments/index.html,https://hairtreat.com.bd/hair-treatments/,301,TRUE,FALSE,FALSE,FALSE
hairtreat.com.bd/hair-treatments.html,https://hairtreat.com.bd/hair-treatments/,301,TRUE,FALSE,FALSE,FALSE
hairtreat.com.bd/hair-treatments/hair-transplant/index.html,https://hairtreat.com.bd/hair-treatments/hair-transplant/,301,TRUE,FALSE,FALSE,FALSE
hairtreat.com.bd/hair-treatments/hair-transplant.html,https://hairtreat.com.bd/hair-treatments/hair-transplant/,301,TRUE,FALSE,FALSE,FALSE
hairtreat.com.bd/hair-treatments/hair-transplant/beard-transplant/index.html,https://hairtreat.com.bd/hair-treatments/hair-transplant/beard-transplant/,301,TRUE,FALSE,FALSE,FALSE
hairtreat.com.bd/hair-treatments/hair-transplant/beard-transplant.html,https://hairtreat.com.bd/hair-treatments/hair-transplant/beard-transplant/,301,TRUE,FALSE,FALSE,FALSE
hairtreat.com.bd/hair-treatments/hair-transplant/eyebrow-transplant/index.html,https://hairtreat.com.bd/hair-treatments/hair-transplant/eyebrow-transplant/,301,TRUE,FALSE,FALSE,FALSE
hairtreat.com.bd/hair-treatments/hair-transplant/eyebrow-transplant.html,https://hairtreat.com.bd/hair-treatments/hair-transplant/eyebrow-transplant/,301,TRUE,FALSE,FALSE,FALSE
hairtreat.com.bd/hair-treatments/hair-transplant/female-hair-transplant/index.html,https://hairtreat.com.bd/hair-treatments/hair-transplant/female-hair-transplant/,301,TRUE,FALSE,FALSE,FALSE
hairtreat.com.bd/hair-treatments/hair-transplant/female-hair-transplant.html,https://hairtreat.com.bd/hair-treatments/hair-transplant/female-hair-transplant/,301,TRUE,FALSE,FALSE,FALSE
hairtreat.com.bd/hair-treatments/hair-transplant/fut-hair-transplant/index.html,https://hairtreat.com.bd/hair-treatments/hair-transplant/fut-hair-transplant/,301,TRUE,FALSE,FALSE,FALSE
hairtreat.com.bd/hair-treatments/hair-transplant/fut-hair-transplant.html,https://hairtreat.com.bd/hair-treatments/hair-transplant/fut-hair-transplant/,301,TRUE,FALSE,FALSE,FALSE
hairtreat.com.bd/hair-treatments/hair-transplant/gfc-prp/index.html,https://hairtreat.com.bd/hair-treatments/hair-transplant/gfc-prp/,301,TRUE,FALSE,FALSE,FALSE
hairtreat.com.bd/hair-treatments/hair-transplant/gfc-prp.html,https://hairtreat.com.bd/hair-treatments/hair-transplant/gfc-prp/,301,TRUE,FALSE,FALSE,FALSE
hairtreat.com.bd/hair-treatments/hair-transplant/hair-line-correction/index.html,https://hairtreat.com.bd/hair-treatments/hair-transplant/hair-line-correction/,301,TRUE,FALSE,FALSE,FALSE
hairtreat.com.bd/hair-treatments/hair-transplant/hair-line-correction.html,https://hairtreat.com.bd/hair-treatments/hair-transplant/hair-line-correction/,301,TRUE,FALSE,FALSE,FALSE
hairtreat.com.bd/hair-treatments/hair-transplant/hair-prp/index.html,https://hairtreat.com.bd/hair-treatments/hair-transplant/hair-prp/,301,TRUE,FALSE,FALSE,FALSE
hairtreat.com.bd/hair-treatments/hair-transplant/hair-prp.html,https://hairtreat.com.bd/hair-treatments/hair-transplant/hair-prp/,301,TRUE,FALSE,FALSE,FALSE
hairtreat.com.bd/hair-treatments/method/index.html,https://hairtreat.com.bd/hair-treatments/method/,301,TRUE,FALSE,FALSE,FALSE
hairtreat.com.bd/hair-treatments/hair-transplant/method.html,https://hairtreat.com.bd/hair-treatments/method/,301,TRUE,FALSE,FALSE,FALSE
hairtreat.com.bd/hair-treatments/method/bio-sapphire/index.html,https://hairtreat.com.bd/hair-treatments/method/bio-sapphire/,301,TRUE,FALSE,FALSE,FALSE
hairtreat.com.bd/hair-treatments/method/bio-sapphire.html,https://hairtreat.com.bd/hair-treatments/method/bio-sapphire/,301,TRUE,FALSE,FALSE,FALSE
hairtreat.com.bd/hair-treatments/method/dhi/index.html,https://hairtreat.com.bd/hair-treatments/method/dhi/,301,TRUE,FALSE,FALSE,FALSE
hairtreat.com.bd/hair-treatments/method/dhi.html,https://hairtreat.com.bd/hair-treatments/method/dhi/,301,TRUE,FALSE,FALSE,FALSE
hairtreat.com.bd/hair-treatments/method/fue/index.html,https://hairtreat.com.bd/hair-treatments/method/fue/,301,TRUE,FALSE,FALSE,FALSE
hairtreat.com.bd/hair-treatments/method/fue.html,https://hairtreat.com.bd/hair-treatments/method/fue/,301,TRUE,FALSE,FALSE,FALSE
hairtreat.com.bd/hair-treatments/method/sapphire/index.html,https://hairtreat.com.bd/hair-treatments/method/sapphire/,301,TRUE,FALSE,FALSE,FALSE
hairtreat.com.bd/hair-treatments/method/sapphire.html,https://hairtreat.com.bd/hair-treatments/method/sapphire/,301,TRUE,FALSE,FALSE,FALSE
hairtreat.com.bd/about.html,https://hairtreat.com.bd/about,301,TRUE,FALSE,FALSE,FALSE
hairtreat.com.bd/about/,https://hairtreat.com.bd/about,301,TRUE,FALSE,FALSE,FALSE
hairtreat.com.bd/about/index.html,https://hairtreat.com.bd/about,301,TRUE,FALSE,FALSE,FALSE
hairtreat.com.bd/other-treatments/index.html,https://hairtreat.com.bd/other-treatments/,301,TRUE,FALSE,FALSE,FALSE
hairtreat.com.bd/other-treatments.html,https://hairtreat.com.bd/other-treatments/,301,TRUE,FALSE,FALSE,FALSE
hairtreat.com.bd/other-treatments/laser-hair-removal/index.html,https://hairtreat.com.bd/other-treatments/laser-hair-removal/,301,TRUE,FALSE,FALSE,FALSE
hairtreat.com.bd/other-treatments/laser-hair-removal.html,https://hairtreat.com.bd/other-treatments/laser-hair-removal/,301,TRUE,FALSE,FALSE,FALSE
hairtreat.com.bd/other-treatments/laser-hair-removal/facial-hair/index.html,https://hairtreat.com.bd/other-treatments/laser-hair-removal/facial-hair/,301,TRUE,FALSE,FALSE,FALSE
hairtreat.com.bd/other-treatments/laser-hair-removal/facial-hair.html,https://hairtreat.com.bd/other-treatments/laser-hair-removal/facial-hair/,301,TRUE,FALSE,FALSE,FALSE
hairtreat.com.bd/other-treatments/p-shot/index.html,https://hairtreat.com.bd/other-treatments/p-shot/,301,TRUE,FALSE,FALSE,FALSE
hairtreat.com.bd/other-treatments/p-shot.html,https://hairtreat.com.bd/other-treatments/p-shot/,301,TRUE,FALSE,FALSE,FALSE
hairtreat.com.bd/facial-hair,https://hairtreat.com.bd/other-treatments/laser-hair-removal/facial-hair/,301,TRUE,FALSE,FALSE,FALSE
hairtreat.com.bd/facial-hair/,https://hairtreat.com.bd/other-treatments/laser-hair-removal/facial-hair/,301,TRUE,FALSE,FALSE,FALSE
hairtreat.com.bd/facial-hair.html,https://hairtreat.com.bd/other-treatments/laser-hair-removal/facial-hair/,301,TRUE,FALSE,FALSE,FALSE
hairtreat.com.bd/facial-hair/index.html,https://hairtreat.com.bd/other-treatments/laser-hair-removal/facial-hair/,301,TRUE,FALSE,FALSE,FALSE
hairtreat.com.bd/laser-hair-removal/facial-hair,https://hairtreat.com.bd/other-treatments/laser-hair-removal/facial-hair/,301,TRUE,FALSE,FALSE,FALSE
hairtreat.com.bd/laser-hair-removal/facial-hair/,https://hairtreat.com.bd/other-treatments/laser-hair-removal/facial-hair/,301,TRUE,FALSE,FALSE,FALSE
hairtreat.com.bd/laser-hair-removal/facial-hair.html,https://hairtreat.com.bd/other-treatments/laser-hair-removal/facial-hair/,301,TRUE,FALSE,FALSE,FALSE
hairtreat.com.bd/laser-hair-removal/facial-hair/index.html,https://hairtreat.com.bd/other-treatments/laser-hair-removal/facial-hair/,301,TRUE,FALSE,FALSE,FALSE
hairtreat.com.bd/treatments/facial-hair,https://hairtreat.com.bd/other-treatments/laser-hair-removal/facial-hair/,301,TRUE,FALSE,FALSE,FALSE
hairtreat.com.bd/treatments/facial-hair/,https://hairtreat.com.bd/other-treatments/laser-hair-removal/facial-hair/,301,TRUE,FALSE,FALSE,FALSE
hairtreat.com.bd/treatments/facial-hair.html,https://hairtreat.com.bd/other-treatments/laser-hair-removal/facial-hair/,301,TRUE,FALSE,FALSE,FALSE
hairtreat.com.bd/treatments/facial-hair/index.html,https://hairtreat.com.bd/other-treatments/laser-hair-removal/facial-hair/,301,TRUE,FALSE,FALSE,FALSE
hairtreat.com.bd/treatments/laser-hair-removal/facial-hair,https://hairtreat.com.bd/other-treatments/laser-hair-removal/facial-hair/,301,TRUE,FALSE,FALSE,FALSE
hairtreat.com.bd/treatments/laser-hair-removal/facial-hair/,https://hairtreat.com.bd/other-treatments/laser-hair-removal/facial-hair/,301,TRUE,FALSE,FALSE,FALSE
hairtreat.com.bd/treatments/laser-hair-removal/facial-hair.html,https://hairtreat.com.bd/other-treatments/laser-hair-removal/facial-hair/,301,TRUE,FALSE,FALSE,FALSE
hairtreat.com.bd/treatments/laser-hair-removal/facial-hair/index.html,https://hairtreat.com.bd/other-treatments/laser-hair-removal/facial-hair/,301,TRUE,FALSE,FALSE,FALSE

