hairtreat.com.bd/treatments,https://hairtreat.com.bd/hair-treatments,301,TRUE,FALSE,FALSE,FALSE
hairtreat.com.bd/treatments/,https://hairtreat.com.bd/hair-treatments,301,TRUE,FALSE,FALSE,FALSE
hairtreat.com.bd/treatments/index.html,https://hairtreat.com.bd/hair-treatments,301,TRUE,FALSE,FALSE,FALSE
hairtreat.com.bd/treatments.html,https://hairtreat.com.bd/hair-treatments,301,TRUE,FALSE,FALSE,FALSE
hairtreat.com.bd/transplant,https://hairtreat.com.bd/other-treatments,301,TRUE,FALSE,FALSE,FALSE
hairtreat.com.bd/transplant/,https://hairtreat.com.bd/other-treatments,301,TRUE,FALSE,FALSE,FALSE
hairtreat.com.bd/transplant/index.html,https://hairtreat.com.bd/other-treatments,301,TRUE,FALSE,FALSE,FALSE
hairtreat.com.bd/transplant.html,https://hairtreat.com.bd/other-treatments,301,TRUE,FALSE,FALSE,FALSE
hairtreat.com.bd/treatments/hair-prp,https://hairtreat.com.bd/hair-treatments/hair-prp,301,TRUE,FALSE,TRUE,FALSE
hairtreat.com.bd/treatments/gfc-prp,https://hairtreat.com.bd/hair-treatments/gfc-prp,301,TRUE,FALSE,TRUE,FALSE
hairtreat.com.bd/treatments/hair-line-correction,https://hairtreat.com.bd/hair-treatments/hair-line-correction,301,TRUE,FALSE,TRUE,FALSE
hairtreat.com.bd/treatments/hair-transplant,https://hairtreat.com.bd/hair-treatments/hair-transplant,301,TRUE,FALSE,TRUE,FALSE
hairtreat.com.bd/treatments/fue,https://hairtreat.com.bd/hair-treatments/hair-transplant/fue,301,TRUE,FALSE,TRUE,FALSE
hairtreat.com.bd/treatments/eyebrow-transplant,https://hairtreat.com.bd/hair-treatments/hair-transplant/eyebrow-transplant,301,TRUE,FALSE,TRUE,FALSE
hairtreat.com.bd/treatments/beard-transplant,https://hairtreat.com.bd/hair-treatments/hair-transplant/beard-transplant,301,TRUE,FALSE,TRUE,FALSE
hairtreat.com.bd/treatments/laser-hair-removal,https://hairtreat.com.bd/other-treatments/laser-hair-removal,301,TRUE,FALSE,TRUE,FALSE
hairtreat.com.bd/treatments/p-shot,https://hairtreat.com.bd/other-treatments/p-shot,301,TRUE,FALSE,TRUE,FALSE
hairtreat.com.bd/transplant/hair-transplant,https://hairtreat.com.bd/hair-treatments/hair-transplant,301,TRUE,FALSE,TRUE,FALSE
hairtreat.com.bd/transplant/hair-prp,https://hairtreat.com.bd/hair-treatments/hair-prp,301,TRUE,FALSE,TRUE,FALSE
hairtreat.com.bd/transplant/gfc-prp,https://hairtreat.com.bd/hair-treatments/gfc-prp,301,TRUE,FALSE,TRUE,FALSE
hairtreat.com.bd/transplant/hair-line-correction,https://hairtreat.com.bd/hair-treatments/hair-line-correction,301,TRUE,FALSE,TRUE,FALSE
hairtreat.com.bd/transplant/fue,https://hairtreat.com.bd/hair-treatments/hair-transplant/fue,301,TRUE,FALSE,TRUE,FALSE
hairtreat.com.bd/transplant/eyebrow-transplant,https://hairtreat.com.bd/hair-treatments/hair-transplant/eyebrow-transplant,301,TRUE,FALSE,TRUE,FALSE
hairtreat.com.bd/transplant/female-hair-transplant,https://hairtreat.com.bd/hair-treatments/hair-transplant/female-hair-transplant,301,TRUE,FALSE,TRUE,FALSE
hairtreat.com.bd/transplant/beard-transplant,https://hairtreat.com.bd/hair-treatments/hair-transplant/beard-transplant,301,TRUE,FALSE,TRUE,FALSE
hairtreat.com.bd/transplant/fut-hair-transplant,https://hairtreat.com.bd/hair-treatments/hair-transplant/fut-hair-transplant,301,TRUE,FALSE,TRUE,FALSE
hairtreat.com.bd/transplant/sapphire-hair-transplant,https://hairtreat.com.bd/hair-treatments/hair-transplant/sapphire-hair-transplant,301,TRUE,FALSE,TRUE,FALSE
hairtreat.com.bd/hair-prp,https://hairtreat.com.bd/hair-treatments/hair-prp,301,TRUE,FALSE,TRUE,FALSE
hairtreat.com.bd/hair-prp.html,https://hairtreat.com.bd/hair-treatments/hair-prp,301,TRUE,FALSE,FALSE,FALSE
hairtreat.com.bd/gfc-prp,https://hairtreat.com.bd/hair-treatments/gfc-prp,301,TRUE,FALSE,TRUE,FALSE
hairtreat.com.bd/gfc-prp.html,https://hairtreat.com.bd/hair-treatments/gfc-prp,301,TRUE,FALSE,FALSE,FALSE
hairtreat.com.bd/hair-line-correction,https://hairtreat.com.bd/hair-treatments/hair-line-correction,301,TRUE,FALSE,TRUE,FALSE
hairtreat.com.bd/hair-line-correction.html,https://hairtreat.com.bd/hair-treatments/hair-line-correction,301,TRUE,FALSE,FALSE,FALSE
hairtreat.com.bd/hair-transplant,https://hairtreat.com.bd/hair-treatments/hair-transplant,301,TRUE,FALSE,TRUE,FALSE
hairtreat.com.bd/hair-transplant.html,https://hairtreat.com.bd/hair-treatments/hair-transplant,301,TRUE,FALSE,FALSE,FALSE
hairtreat.com.bd/fue,https://hairtreat.com.bd/hair-treatments/hair-transplant/fue,301,TRUE,FALSE,TRUE,FALSE
hairtreat.com.bd/fue.html,https://hairtreat.com.bd/hair-treatments/hair-transplant/fue,301,TRUE,FALSE,FALSE,FALSE
hairtreat.com.bd/eyebrow-transplant,https://hairtreat.com.bd/hair-treatments/hair-transplant/eyebrow-transplant,301,TRUE,FALSE,TRUE,FALSE
hairtreat.com.bd/eyebrow-transplant.html,https://hairtreat.com.bd/hair-treatments/hair-transplant/eyebrow-transplant,301,TRUE,FALSE,FALSE,FALSE
hairtreat.com.bd/female-hair-transplant,https://hairtreat.com.bd/hair-treatments/hair-transplant/female-hair-transplant,301,TRUE,FALSE,TRUE,FALSE
hairtreat.com.bd/female-hair-transplant.html,https://hairtreat.com.bd/hair-treatments/hair-transplant/female-hair-transplant,301,TRUE,FALSE,FALSE,FALSE
hairtreat.com.bd/beard-transplant,https://hairtreat.com.bd/hair-treatments/hair-transplant/beard-transplant,301,TRUE,FALSE,TRUE,FALSE
hairtreat.com.bd/beard-transplant.html,https://hairtreat.com.bd/hair-treatments/hair-transplant/beard-transplant,301,TRUE,FALSE,FALSE,FALSE
hairtreat.com.bd/fut-hair-transplant,https://hairtreat.com.bd/hair-treatments/hair-transplant/fut-hair-transplant,301,TRUE,FALSE,TRUE,FALSE
hairtreat.com.bd/fut-hair-transplant.html,https://hairtreat.com.bd/hair-treatments/hair-transplant/fut-hair-transplant,301,TRUE,FALSE,FALSE,FALSE
hairtreat.com.bd/sapphire-hair-transplant,https://hairtreat.com.bd/hair-treatments/hair-transplant/sapphire-hair-transplant,301,TRUE,FALSE,TRUE,FALSE
hairtreat.com.bd/sapphire-hair-transplant.html,https://hairtreat.com.bd/hair-treatments/hair-transplant/sapphire-hair-transplant,301,TRUE,FALSE,FALSE,FALSE
hairtreat.com.bd/laser-hair-removal,https://hairtreat.com.bd/other-treatments/laser-hair-removal,301,TRUE,FALSE,TRUE,FALSE
hairtreat.com.bd/laser-hair-removal.html,https://hairtreat.com.bd/other-treatments/laser-hair-removal,301,TRUE,FALSE,FALSE,FALSE
hairtreat.com.bd/laser-hair-remover,https://hairtreat.com.bd/other-treatments/laser-hair-removal,301,TRUE,FALSE,TRUE,FALSE
hairtreat.com.bd/laser-hair-remover.html,https://hairtreat.com.bd/other-treatments/laser-hair-removal,301,TRUE,FALSE,FALSE,FALSE
hairtreat.com.bd/p-shot,https://hairtreat.com.bd/other-treatments/p-shot,301,TRUE,FALSE,TRUE,FALSE
hairtreat.com.bd/p-shot.html,https://hairtreat.com.bd/other-treatments/p-shot,301,TRUE,FALSE,FALSE,FALSE

hairtreat.com.bd/hours-and-location,https://hairtreat.com.bd/about/hours-and-location,301,TRUE,FALSE,FALSE,FALSE
hairtreat.com.bd/hours-and-location/,https://hairtreat.com.bd/about/hours-and-location,301,TRUE,FALSE,FALSE,FALSE
hairtreat.com.bd/hours-and-location.html,https://hairtreat.com.bd/about/hours-and-location,301,TRUE,FALSE,FALSE,FALSE
hairtreat.com.bd/contact-us,https://hairtreat.com.bd/about/contact-us,301,TRUE,FALSE,FALSE,FALSE
hairtreat.com.bd/contact-us/,https://hairtreat.com.bd/about/contact-us,301,TRUE,FALSE,FALSE,FALSE
hairtreat.com.bd/contact-us.html,https://hairtreat.com.bd/about/contact-us,301,TRUE,FALSE,FALSE,FALSE
hairtreat.com.bd/contact,https://hairtreat.com.bd/about/contact-us,301,TRUE,FALSE,FALSE,FALSE
hairtreat.com.bd/contact.html,https://hairtreat.com.bd/about/contact-us,301,TRUE,FALSE,FALSE,FALSE
hairtreat.com.bd/blog,https://hairtreat.com.bd/about/blog,301,TRUE,FALSE,FALSE,FALSE
hairtreat.com.bd/blog/,https://hairtreat.com.bd/about/blog,301,TRUE,FALSE,FALSE,FALSE
hairtreat.com.bd/blog/index.html,https://hairtreat.com.bd/about/blog,301,TRUE,FALSE,FALSE,FALSE
hairtreat.com.bd/blog/top-10-hair-transplant-clinics-in-bangladesh,https://hairtreat.com.bd/about/blog/top-10-hair-transplant-clinics-in-bangladesh,301,TRUE,FALSE,FALSE,FALSE
hairtreat.com.bd/blog/top-10-hair-transplant-clinics-in-bangladesh/,https://hairtreat.com.bd/about/blog/top-10-hair-transplant-clinics-in-bangladesh,301,TRUE,FALSE,FALSE,FALSE
hairtreat.com.bd/blog/top-10-hair-transplant-clinics-in-bangladesh.html,https://hairtreat.com.bd/about/blog/top-10-hair-transplant-clinics-in-bangladesh,301,TRUE,FALSE,FALSE,FALSE
hairtreat.com.bd/blog/top-10-hair-transplant-surgeons-in-bangladesh,https://hairtreat.com.bd/about/blog/top-10-hair-transplant-surgeons-in-bangladesh,301,TRUE,FALSE,FALSE,FALSE
hairtreat.com.bd/blog/top-10-hair-transplant-surgeons-in-bangladesh/,https://hairtreat.com.bd/about/blog/top-10-hair-transplant-surgeons-in-bangladesh,301,TRUE,FALSE,FALSE,FALSE
hairtreat.com.bd/blog/top-10-hair-transplant-surgeons-in-bangladesh.html,https://hairtreat.com.bd/about/blog/top-10-hair-transplant-surgeons-in-bangladesh,301,TRUE,FALSE,FALSE,FALSE
hairtreat.com.bd/blog/best-hair-transplant-service-bangladesh,https://hairtreat.com.bd/about/blog/best-hair-transplant-service-bangladesh,301,TRUE,FALSE,FALSE,FALSE
hairtreat.com.bd/blog/best-hair-transplant-service-bangladesh/,https://hairtreat.com.bd/about/blog/best-hair-transplant-service-bangladesh,301,TRUE,FALSE,FALSE,FALSE
hairtreat.com.bd/blog/best-hair-transplant-service-bangladesh.html,https://hairtreat.com.bd/about/blog/best-hair-transplant-service-bangladesh,301,TRUE,FALSE,FALSE,FALSE
